034af448-7a06-4338-aa7d-2046225cb061.csv	53	77f9e2c6f403881626ae91b05947f2bd9d8086eb2e0cfad73e34a51399d51643
03997df5-dfb3-4a9f-a79e-589f02486501.csv	120	126076249bc9d0e92f54ba742d7cda88a34508dbaff0bae87fcd5a5a64eb77a1
0931d458-2337-45d9-b3de-cf0926416bf5.pdf	1286	ec0cead4bd7b4b5b4ca7c8f378fc65b2fef0542557b20ee34c1aa7787c07769e
0984ee5f-7472-4121-8a54-e98cddf7bce9.pdf	44	0ffca2b744e0a12c72be7f6f6754f05560433f6c7a6ca72d1957b68ef275fde5
0a049d65-42f5-4951-9414-f735cf69a3ad.jpg	516	952f85bd938f88e0ceed34f91729cc153c7697614f07da7e288ff7cd219a345b
0b4f81d4-dad0-4652-b2e0-da095e2fc7f3.png	68	4b5c5c92cec3b23e6a294fc0eea43234ef5126c5a64f4c6c531ac8430ab0b844
0c2f1f72-9ada-4136-897c-730ed99a8889.csv	151	1dd544c3d2726ab58636405ee610637da1043375f2520017de3b98303ac78a2f
0c4f5900-1fe5-40c0-996c-c9a61087f739.csv	83	b239226b241341fcf2db9ff7d68ba31fd175a026f42e019b776a5efc9294dda1
0edbac89-8a7a-4efe-afdf-abf0bde569f6.csv	615	db39f28d314962ddb576b0e1ef8bf9d842f32fe6fb94a9c899d6ffa43aa47257
115ba9e4-364d-43ff-9ecd-8c5bf48999a1.csv	53	77f9e2c6f403881626ae91b05947f2bd9d8086eb2e0cfad73e34a51399d51643
11776a08-aef1-4365-b8d1-2b5b06e5d99e.pdf	1363	5946fa46f0b1c4a391e115789d564b3673421450c31300488f40ace320683ef4
118ff8b6-c860-4e38-ba41-cccc22f2fa94.jpg	516	776cbc5089a66ccf02288dda4b6301f0bd01ed8012ddc0a487f99f65f2725977
1214703b-b294-449a-b3cf-270522a079d7.csv	50	be28003ca10b7e11bd4ffc0f10f24da47d7120834224c79fd1f8b766c407aba2
122004f4-e45c-4aea-94ad-63f31b2acf82.csv	53	77f9e2c6f403881626ae91b05947f2bd9d8086eb2e0cfad73e34a51399d51643
14f41db4-38e1-4df8-b5a0-b99fabc2c52b.jpg	14	0936618c04c6c867c2b88b42599f873be1586da262bb2afaf127849fd5f873fe
1718bf13-b6b3-4251-8322-9dc0e063e237.csv	53	77f9e2c6f403881626ae91b05947f2bd9d8086eb2e0cfad73e34a51399d51643
17cb1921-0a36-4ad5-b923-462961190d75.pdf	75	f467de9e0c790a1179f71d0556ca82e7280a4ddb3ee816e3de6fe6df28e3b6fb
1850a487-e625-491b-b3f4-3c08d08fb359.jpg	14	0936618c04c6c867c2b88b42599f873be1586da262bb2afaf127849fd5f873fe
19d1f56f-56cc-484b-979d-8337468e0bea.xlsx	4921	99efc9cbf67771574dd101fd792e5b08770b6e47bc186ee1da52e29f504f0829
1a955dbf-d57f-430f-8ba8-2c30ba921980.pdf	1345	8df81dae9c1cf705f18cc98d847c7465fc45627a96488bff7f995fec564c5ea4
1cb1eee6-1bc1-4bdc-bf17-08d5c15b31cc.jpg	14	0936618c04c6c867c2b88b42599f873be1586da262bb2afaf127849fd5f873fe
1df9d437-8efd-432a-ae83-d12e9772acc2.csv	79	078535f98a3f3bef8b8bed4ff8740913adaace64c4d6d70b7233ef5686a5bb50
206f2810-825b-47ef-85fd-c4dcba9fc56f.csv	50	be28003ca10b7e11bd4ffc0f10f24da47d7120834224c79fd1f8b766c407aba2
214ebdcd-0587-49b9-b079-60ac6c92a8d2.csv	53	77f9e2c6f403881626ae91b05947f2bd9d8086eb2e0cfad73e34a51399d51643
216ff9c1-2641-44c7-af72-31a226fae9af.csv	83	f086b6ef82c855326db9a2dbc42d604d5661bf334916b22d0abb95fb07873404
22510553-5160-4e3a-a7a4-7813bdc147bf.pdf	1300	951a041ca97e381573775fd226a54f234bf26a1e38ce049c8a474d0bb1323973
2507385d-29dd-46bd-bef2-15f6a53fd398.csv	83	54e44adf9f3fc0045cb948126b35bb33389802105fb2359f2eff16e5d2eff11e
26527564-70f4-40ec-ac64-5e0094c70477.pdf	1314	dc74043698b7dcb9cb4425dccf33f402e3620accae66036483a70466fe142212
287d2c02-e8d6-4db6-8742-95bd410388fd.pdf	44	993b5d4170e4721ebdcc4902471694c2929f2bd870636846ae08d9eb8e2acefe
28cd1f7d-7b89-4a2c-b0d5-2965bc07f600.csv	53	77f9e2c6f403881626ae91b05947f2bd9d8086eb2e0cfad73e34a51399d51643
295b2f7b-ac9b-4e53-8c7b-8e103cef1a34.csv	75	d0d5653b38230b5ea90733b02b0abfc0277d17b8fd15b25cf774be7ddd461278
2b59f558-aae2-4c4d-8310-0102741cacf2.csv	120	fb35def39e653e9920c525dc74a39e6a6a0895e9b08948660e80b40a56b79c53
2cf2c94d-2da3-4b9e-9093-051c73031082.pdf	1316	013609e577027a51ef24f15a12f404b112d32e4a08cafdad230e8f6b5ac6e98d
2f9705a8-03fd-4d82-9a8f-6e2bc1f90834.png	68	4b5c5c92cec3b23e6a294fc0eea43234ef5126c5a64f4c6c531ac8430ab0b844
30498917-6401-4d79-8925-11be9cd94a66.csv	151	7a979bea5ce25f4a7a40e7e09f44dcc388ad5366c0fcfa3974baf2d203723bc8
307eb935-75b3-4ff1-b134-fe0f23116885.png	68	4b5c5c92cec3b23e6a294fc0eea43234ef5126c5a64f4c6c531ac8430ab0b844
326c5639-175a-4c20-9a96-1630a6afdf2c.png	68	4b5c5c92cec3b23e6a294fc0eea43234ef5126c5a64f4c6c531ac8430ab0b844
32b24560-de4c-4d45-aaeb-fc5f04f73514.csv	75	a0109d6ab5f2575f89bf33535d96ece99400d343d4fad8abf2e75eebb8fae7f7
32f19a5c-0119-4fb4-bc06-a646db08ed23.pdf	1318	1495144804f42c2774b529625bbce36a0de966fe803bb6f4d0d1be27e1ba3a7d
34f7d72d-e23b-4115-9ec1-3aa0005aef6c.pdf	1408	4a4d83e4fc4a2d24caf47aadbfeae7f7c88f40a251066c0fd1169bd6a90fe030
35d9b5d4-08da-43b2-aec1-e9d50785de65.csv	51	b8426ee00501d22d0c199816640e85599e7713c4f572588d59409ce03f756294
37496669-b445-4e25-adc7-7a485680f401.csv	79	3d6521e36e4e7a0d7d9672def14c88b9fa7cf7c5651304cabeddbd55e5db4ce6
37ada607-479c-4853-b89e-253535bd764e.csv	50	be28003ca10b7e11bd4ffc0f10f24da47d7120834224c79fd1f8b766c407aba2
3a4ce8ac-93da-40e7-b507-d3b5b36be704.csv	151	27449de2e1d6c0c822e8b467056b50c3eda4312ece3d3096d3d04062fb10b68c
3b2802fb-c1d2-49a5-950a-15666396626c.jpg	14	0936618c04c6c867c2b88b42599f873be1586da262bb2afaf127849fd5f873fe
3b5bb786-2feb-4263-9182-2619e9b16ee7.csv	83	a6373d8c26c9ff82f05899c9418a8b4346767826bd211f422b8cd034d28820da
3ce5e657-9a77-4bca-8f85-0cc54bd212f8.png	68	4b5c5c92cec3b23e6a294fc0eea43234ef5126c5a64f4c6c531ac8430ab0b844
3ee2caef-4a32-445d-a3fd-238a80374d40.png	68	4b5c5c92cec3b23e6a294fc0eea43234ef5126c5a64f4c6c531ac8430ab0b844
3fab76a0-b350-4b21-bc22-734a2b7877aa.csv	83	d7da989bbc169558a8d1ece9a06b9708b1a4d3e2cc173f2445ef83396bcff9d5
40101ab3-7694-4f6b-9f83-ac032dbb3f1c.csv	50	be28003ca10b7e11bd4ffc0f10f24da47d7120834224c79fd1f8b766c407aba2
410776be-4360-4302-9d6d-a13ca4e0e2fa.pdf	1286	fa3ebaa907ab621361cc326a79570802facb3b0f783304b763a47ad9588453ad
42123557-1ab0-4f7e-9af1-bd4a08379b63.pdf	44	6d80c94057b80b9fa5e5d8029feb6ce995466a4b4af1ee6c8210ce0e1e875cbc
4322f082-170c-4f12-9cdc-0aa0227b89f5.csv	51	2db24a9df6744e317b2afa9a11db3d1de2005492ca64a853f303d7919ba16d14
45c3ebb4-2482-42d3-b0f7-8937885e55d9.png	68	4b5c5c92cec3b23e6a294fc0eea43234ef5126c5a64f4c6c531ac8430ab0b844
4602a58a-1cb0-496c-80a9-4ebc548a6b6e.csv	50	be28003ca10b7e11bd4ffc0f10f24da47d7120834224c79fd1f8b766c407aba2
468c20c5-c2cf-4561-8b6e-b5402ad304c9.pdf	44	06ed84a5aa9d489aba06785e7fe615e44ae53cff764372705deb2eac527a194c
46905f8d-d3f5-4cf2-a8b9-426c555fa2bc.pdf	44	7eed97427b28bea6ee5a86d05e013d057fef5b3a3699571be44d1af5309b9cee
46d7d5a0-86e5-4a91-805d-6825250f3fe6.png	68	4b5c5c92cec3b23e6a294fc0eea43234ef5126c5a64f4c6c531ac8430ab0b844
482b11e2-f9da-4d7b-89f7-59fc76df03a3.pdf	1314	0c60cdde68f016546b666ffe9fa560a553e5a516a8a427b00347dd5d8e5501b6
4871432d-d728-4ed6-a8f3-3c020d29b8f0.pdf	75	f467de9e0c790a1179f71d0556ca82e7280a4ddb3ee816e3de6fe6df28e3b6fb
487aacce-f208-47b5-8823-ac30dd4b65a7.pdf	1319	c1c9dec986b9a1e9f189b5432626dc3dce776ec31b32983aa2055bf6b9071346
4a68b285-0ff1-4032-bddd-9150d1d230d1.pdf	75	f467de9e0c790a1179f71d0556ca82e7280a4ddb3ee816e3de6fe6df28e3b6fb
4ade64e0-2bf6-4db4-bdf3-181231fcad9e.png	68	4b5c5c92cec3b23e6a294fc0eea43234ef5126c5a64f4c6c531ac8430ab0b844
4bae07a0-2767-49cd-b844-15f18ef38654.csv	79	e59ec076c8201ccb9dcb35c1c730ec716c33a5b33be14d40c40bf63ecd4e1ddb
4c86d0e9-550b-4376-8b54-9d9f250306be.csv	120	46ad86132b237993656375e7b641b48ecb4a24fb70c769e11c64cb755c9d9037
4d4b78ef-3276-4069-98aa-560a651fc537.pdf	1315	e9281a336b6c9f3c475862d9781ce0c75748374f1928539ff402cb187dfc617e
4d608a3c-ab71-4170-9c53-c87dd9a9c390.png	68	4b5c5c92cec3b23e6a294fc0eea43234ef5126c5a64f4c6c531ac8430ab0b844
4dafbc4b-9a71-47e7-b767-660bc3f157f1.csv	615	1e889ce1a4dae0624c4aa4adfb2b95af837c7aaec63ae7f351f51e5de5e37c3f
51f89d88-1de5-4c3e-a3db-8cfd5cfe4b9e.pdf	1316	d0711122e2143f1bc9a183113c5d748deae8be0affbc3eb4fc9848217fae4172
533ec8f4-8fc8-44a1-ab5b-83f2a4257b5f.csv	120	7b0a1e306b55ed2f33e51cd441db3dfccedd81e35cf5f5ab13ff1d14eb2ab4ea
53ff28f5-f125-44af-93a7-bbab2ac4c199.pdf	1314	f6d2b86bc6d71bb5836296bf9940ea1a5d4c3dd3c46bc6bd813272e89d43993f
5550f520-05c8-45a2-b61e-9caf1f3b9715.csv	83	65f334abc37cdba834b626fb9f667cf2b538598098296347f423b8785b0fa9fa
5588acf9-6133-4a8e-82a3-f410043f966f.png	68	4b5c5c92cec3b23e6a294fc0eea43234ef5126c5a64f4c6c531ac8430ab0b844
55dde4e0-51dd-4a03-ae0d-e7972c5cf500.png	68	4b5c5c92cec3b23e6a294fc0eea43234ef5126c5a64f4c6c531ac8430ab0b844
5962fdf5-b2ab-4ca5-92f3-c98a64c5801d.csv	151	f41e5d49074c346be6848643866b240846f311678539a1259c1bbfe097567258
5cae6420-54ae-46ed-be2c-bd5cf5a33d8e.csv	151	30be01014289bb0e64ab767cd33bbce5c5c0c321114171b0af862ab576a5c771
5d09ada7-1bcc-4d33-aafb-eb293a1945b5.csv	120	bb896d5351ad4a1f7326bfae3dae97ef1b80acb9f8f3e92ad998dfe5de9c8047
5d729a46-a171-4164-b664-338e4937fa59.jpg	14	0936618c04c6c867c2b88b42599f873be1586da262bb2afaf127849fd5f873fe
5f04ebe8-218f-45ef-a2fa-c8570e27b751.pdf	1316	909686151d011ee1b89be6af1bf7d9966284b0a5836a01d0e30ef3bed43a3cb6
5f74b181-d0dd-4c81-b00d-fa43bbb84ad3.png	68	4b5c5c92cec3b23e6a294fc0eea43234ef5126c5a64f4c6c531ac8430ab0b844
60be1e17-a1a1-47ae-9e79-bfc8e055af98.png	68	4b5c5c92cec3b23e6a294fc0eea43234ef5126c5a64f4c6c531ac8430ab0b844
626206a7-2007-457b-8347-ffb69a5d48c2.csv	83	168a8560c336a703685c4e333bc39a36d5b5548666c483bf770a44ff562d5d55
63080a79-d14a-41e9-8f5c-ab0499474318.csv	51	d1dc390b8894861f66f22bedd911d348e5620341486c23d37621444d5bac667c
63819e38-9f98-4050-98da-48231bd36855.pdf	1297	5ffd206ec59d20aebee7f43f736cd2122e33eb0e049b6823f608f4d399c0fb61
640dc5fa-9433-47f0-9285-b4eb5b23d625.pdf	1316	782c62947916c1736a125244c9548de0b4fac0dfb5ad72a971b4e64541749fc6
662a66f4-6e95-4f04-9582-af2e8c19f267.pdf	35	a580a4a92ef8d5c28ba07d43410bd8bdd0ea470461593dc7e5fbb354174098b9
66c45760-2d6a-4bba-bf9e-605af3ae1ae8.pdf	44	8fa4d3544a6f70bb4ee393c951d6f2eac171077043a880bc78f24e6c7ad26e9f
68b9f74b-192e-43ec-a298-cfef56f65d32.csv	83	6a273f6c75a58356b14a184139cd1fdfe0676eda9555a6daca32b5c355b4a464
68fc6b17-900c-4a52-9eb1-02238234ef6c.pdf	44	925a08bac31153677a8d10f510d88f1e96b531b148d5e653c29f43cc2f057724
6a1ac411-b5e0-450e-8603-2f4fd0f67589.png	8	b623c37d31a5768efeb579ed7d03f7dad3248e4f3dffc079c0f53a0d9ad51c3d
6af2aeae-06f2-4a41-949a-4ab677402982.csv	151	06939abaedcf2129a679ca20ff62072c0de74a7ff8301c96a1459464b6fc10d4
6cceea35-3085-4f6e-90fd-0738a7a56403.jpg	12	75dc4d75228f62d8d9f134cef2af43d444a0bbbc3a103709aa1c8476c8f19412
711adf15-3392-4056-a5de-36b1691f16c8.pdf	1286	d1af3ef57b00a4489ce6caae274b4b8fa2ac88a6d8c7ee45be6fb968db8434cc
7146d8eb-481f-428e-9415-b9c3d6163132.csv	151	90da8033264f17e02d8061404fbef8e4b4d2235a556a1d09ee157dd2e1145d2b
71c46dd3-9e9c-47e5-8de2-84d541aa7c31.csv	83	5ced83d5b5541dec652213bc058f1d23eafa65ef5b3243786eab90cbbb860fca
73dad0b4-1fdb-4d61-bc57-2a2627a5fb0e.csv	75	d0e312db3b91ba28fdd5a0732b97b0fbbd5b5700d1e687db2b5746ff0d38e7b3
76945eff-bce5-4256-ba19-4900743a162a.csv	75	1f534f41a322232247a9c392a7306e8abff226cb31d5be82f10738b4a27fa2e1
7795a118-12df-4491-ae3f-c507cf4f3808.pdf	1286	44dead08d9678b20d5b242d84f7c7e6d47c7db25cebb0a71d78846c910fd83d4
787565f7-f24d-4e6e-ab64-bd5d4b2da089.csv	50	be28003ca10b7e11bd4ffc0f10f24da47d7120834224c79fd1f8b766c407aba2
7bdc25f6-eca2-4d47-8929-bcec7f89df5e.pdf	1314	d74dac652ea230824d6dbafb0fb7e33420487ad90b5b19e1354878501bdb840c
7e294930-604a-46cf-aa90-f3bb377b14cf.jpg	516	776cbc5089a66ccf02288dda4b6301f0bd01ed8012ddc0a487f99f65f2725977
800d41a1-6010-4f83-81e5-9c9c91a3e409.csv	51	4868ecfdf682f2d4177ca7080416c9d71a221dffe22e78031737249460504631
801e2964-073d-4df2-8c4b-a59e12aabfae.csv	120	51583969329d2f2c2bac3c42fab5dd277faa63d872fb956eb5105a2720e50f35
81257c3c-aaa9-45d0-9acf-044155fd62e8.csv	50	be28003ca10b7e11bd4ffc0f10f24da47d7120834224c79fd1f8b766c407aba2
82055ada-37c0-46eb-a5d1-9febfb6abd1d.csv	50	be28003ca10b7e11bd4ffc0f10f24da47d7120834224c79fd1f8b766c407aba2
824e7ffd-719e-409e-bf28-5a2a9326b8d2.pdf	1318	76f4a01e6b33f35f368fb658e118867beb6fb15da89bdd49a722aca8e6332ee7
82cba0e5-36c7-4442-813c-9e1f8081ba7d.pdf	75	f467de9e0c790a1179f71d0556ca82e7280a4ddb3ee816e3de6fe6df28e3b6fb
836f9f2e-d751-4ce9-86c7-9cc89d8cf65d.png	68	4b5c5c92cec3b23e6a294fc0eea43234ef5126c5a64f4c6c531ac8430ab0b844
848ec356-e3ec-4e1b-9b6e-b66ae9067dbc.xlsx	13	7944827a06c5c768b23d6572730fe44d8c03ac17e35c1df6334c09db9f05e5ae
860cfc77-c79b-4001-879c-b4dad2106204.csv	50	be28003ca10b7e11bd4ffc0f10f24da47d7120834224c79fd1f8b766c407aba2
8a19df2a-a613-42bd-99f9-637adcad1eb2.png	68	4b5c5c92cec3b23e6a294fc0eea43234ef5126c5a64f4c6c531ac8430ab0b844
8b83be34-6659-4f73-b7a4-f8251a413f7b.png	68	4b5c5c92cec3b23e6a294fc0eea43234ef5126c5a64f4c6c531ac8430ab0b844
8fabe501-0032-4185-85d7-829d7494cad0.csv	615	1e889ce1a4dae0624c4aa4adfb2b95af837c7aaec63ae7f351f51e5de5e37c3f
901db78a-fe9d-4551-8ee6-d23f4040288c.csv	83	71129454853296255e58ba32b434a3fae283e979b10bab625e4cf2427a5c1d8d
90ee822a-a0ae-45f3-b5a5-20ecf0174a3b.csv	75	c38f3f8e6541ecf1007d19b68f559a77709f47ef977e84f4aa14952abe8c575a
90f33e41-dac1-4ab3-b1dd-f1fee7331e5b.png	68	4b5c5c92cec3b23e6a294fc0eea43234ef5126c5a64f4c6c531ac8430ab0b844
91a21474-c2b3-4347-ac41-46a93fb1fe9c.pdf	1319	496f7291add428b7d1dbb5296b6fe6d8f16cb947b350e64a454d3088f22bc1cb
937f837b-60f4-4092-a9a8-acec5355bfd7.png	68	4b5c5c92cec3b23e6a294fc0eea43234ef5126c5a64f4c6c531ac8430ab0b844
9558bcd7-c952-4a02-9b22-f4a2262d8abb.pdf	1320	5d6590956019e9899eccfe41adbcc809e86775a74ad45f4587cd1d596e3c2e15
972daf26-bef6-4d6c-9188-5fa1218b2976.csv	75	7bc233c48e4054494877f833ca2e9f731b74ad3564a047747bec1ea87a28945a
973b9458-99dc-4aec-89bf-1acb09d775d0.csv	79	c43602d54bff5bbced6cce42c060bad3bd3f0cf6f17ce48f306a857427fd87f5
9a714f83-26e1-466a-90e3-fac1fc107d38.pdf	1320	47b54b3331bbbebdbc7c30c3fb24259bb360f15f2980e66cad1a49aaaa760ce6
9bd409b3-d5f3-41f5-bb40-9324a49f5804.pdf	1405	a2e485d6423efaa265ce2e3daefbd53ae02f6a46d9d5826c6808b1d358651bea
9bf5acd0-6e94-4910-a823-25288cfeda2c.xlsx	4921	f720fec428118c494a44befa9177960339a74b0bd6f32b2438cbce686373f2a4
9f3c0f8c-71aa-4e78-9fe1-0754c5e57ace.csv	120	7e4cf948eeca1288d1d37cad278ea62380f0843b8ed700274507a63e0eed5b36
a0b8a90c-be4f-46d1-bd9f-73091adcf076.pdf	29	f875223ffc34de02ce107e8060886b282a93ed3821598f908e5fe099da952f35
a0c29df8-5766-4151-8ad6-3adafd170307.csv	75	73fdce02d717103aa35f39c77b945573c6438d64481edac93644e5b05fd18610
a1a4072c-a7be-47a4-8e42-35610e3275f3.pdf	44	9c30a26104a69d3370313a1b423dbd91ddabfc976f7d0529257407c2857ce0ed
a2792127-1398-4a1e-96ff-0af43ae75d59.csv	83	fd919ee1dda8725b9767019b26bf1840104f47779971dfe4f7a98838ab89a4b9
a3a6d797-d6c9-4ff7-bd07-80cc5efc60bb.csv	75	c86a2bac4a7d54524cf8add73d064dff815c6289c88c32f0e23418353f8ee3bd
a46e2b20-92be-4b3e-b027-c90937b13c91.csv	51	4c29af0f460ae5f2b10b25dd44fc8adef0f32d6af52219bc2fd0af52c744101c
a88ec7e1-dbe7-4e6f-b36f-227d10bf641e.csv	151	5370f25abca67525969ceb277aa2c733b8885e9c6829e78308fbb983ad1609da
aa6237a3-63c4-4084-8d2d-41691075a132.csv	79	1ba481a0bf03435d7cfd8261646b59a6355b8c2e79361d19a76643721782c9db
ab5bae61-13f9-4489-b461-4719ed1b7db3.csv	83	2b1fa0b707f3c17d7371ede6ca6a0bae511b96ece616780c5bcd8311ca7201cb
ad811dfd-00ac-4dbf-bc88-407006dcff93.pdf	1286	4c2b243f50df20d450299dfe3ec21604559f4a58beb66c2c397639d965b2ef44
ad835d10-b0c4-424e-8c80-9e9f89e0be52.pdf	1286	de9f2deb7b39ca6f6eb8583ca1243ac67b7fb67042ae4bc20c3481ab9d2109b5
ada0a510-2751-4d8c-ad39-74f9c3c8a75f.pdf	44	00ea3b2b772570da0409e775d797e275a0b1db81dc94f67c02563bfe21c43fea
b2aad135-df4b-475b-8327-07afb20b763d.jpg	14	0936618c04c6c867c2b88b42599f873be1586da262bb2afaf127849fd5f873fe
b3fde8e3-4c5c-4886-9cfc-c1877c2dd466.csv	79	fae585e2609240246a705693bd8f624e5f98ae24ff86fb9a42598c9858bbbdd2
b5a5fd18-7b7a-4e9f-84a0-f42e84995c61.csv	50	be28003ca10b7e11bd4ffc0f10f24da47d7120834224c79fd1f8b766c407aba2
b5b996e4-1752-4f63-8469-8ffee23fe082.pdf	1286	bf32cba14e3facaf034cbf99102f6293055a954721d3d78677cb5157ac04c279
b5c35be6-e4aa-4bdd-81d8-0575f53cda22.png	68	4b5c5c92cec3b23e6a294fc0eea43234ef5126c5a64f4c6c531ac8430ab0b844
b6b0468d-2294-4e64-8204-d9edf4ee8ccc.jpg	14	0936618c04c6c867c2b88b42599f873be1586da262bb2afaf127849fd5f873fe
b6cb4745-4b46-4cac-832d-a7a2e42cea3b.csv	83	1bb9f0cd68161b0909fc4b2aa3d2a448b9d3e65ee991b3847cede740a82960d5
b7715484-579f-45df-931d-857039118bbf.jpg	14	0936618c04c6c867c2b88b42599f873be1586da262bb2afaf127849fd5f873fe
b8029302-a39c-4076-bfcf-b4b834255c6f.pdf	48	a8ea9f63d81e0927b1935af65c5c4ae12be654d6d1d57907772491a65a562aa5
bad83579-d8cd-4328-b459-7087fbdb7006.csv	655	ec5aa74610a4c69d5c0eb76ec4649bed9d6d30cd5f8f4e1574f70ec04b61eb6f
bb8afcf1-ab85-4c1a-8381-e6cd894b385b.pdf	44	d8afe2628a1ead8df4eaa9cd1bfd9cf1fdc8cd60819257088163ee26406801ca
bbad564b-8b56-4e5a-ae10-3d5a02b34b42.csv	83	a5bdb45d07ce6eee2c1940f3679045663aa68d477446d218ce740802448a2363
bca53137-7ab1-4c55-814d-d8a7e086865c.csv	151	ec6371fc8feccf8b8d276f58d505683ba987084914fe257b9889fd2755083ba3
bcef86f7-43f7-406a-8db6-9f6d338f2b77.pdf	1344	5584a9d607604a25834d8c241a6cb70b029aaf38f8bb7b3a10df80dafd34a664
c127a1c7-790d-4e5a-9632-63ab9bcc4c6f.pdf	1286	57bfd8e057dc7493be5135e539826739299629be204252f749f4b6d9b2bb7600
c23ac3c6-0f86-42c0-af83-67ca468563cc.pdf	1314	fd5c4f7814919d9f9eae53600943ce4dafce506589d5b964997606b464627613
c26810dd-f8b0-4c5b-bfb8-a69992b587b4.pdf	1286	6ecdb6bec2e9e5510ec25ffceb695ef3fdf0c824eeeedb5b89a67520b8532543
c2bb2309-183c-43db-a66d-f1c61dda0d08.csv	83	d48b8c14bd0e91e1091ce7fb39c1d0795b6f4d3f93c660f8d5b3d79aeb26111b
c2cb3754-4bdf-4a0b-9c81-d4740bba7ed1.pdf	1804	bbc87b81b33c41dc0e08e706f27a08f05cc2ebd0bf6a59266fd6dafa4b54c261
c508e058-da1e-4a2f-bf92-5c4524103c2d.pdf	1286	7795d8a12c9ad1a8b080e015c69f58e4f254d1687c78ae6146fd2033e89ac5eb
c56a9465-293c-45b7-9f17-4753a4f8ba5b.csv	51	64edefa0a5eeea26dc770c35aad08f1796cf32fb2292679775efa6c61a977274
c5bbadcf-b033-4ceb-b0f6-9fc53dfe2e26.csv	615	db39f28d314962ddb576b0e1ef8bf9d842f32fe6fb94a9c899d6ffa43aa47257
c6c6efe7-b7e0-4cce-8a29-cc7539cec255.png	68	4b5c5c92cec3b23e6a294fc0eea43234ef5126c5a64f4c6c531ac8430ab0b844
c8863bae-29f5-420e-a0f8-686f05881aa6.csv	51	e3fdbff8356db4756365d24750995d4cbbee5c30bc5f15c3e5d6538ac64fba5b
c8b5bb20-00cc-4842-adf0-6c61a74d0389.csv	120	161abb762e91d7f220c1b41533fc7e06d5b1900c0a71fa86d6cd6c130bff388e
cb0d5640-90f1-4f9e-94d5-cce526348c40.pdf	1286	94c1bcab5bb08f5b66010fb7afaa986efb2b5cc514a31609ed3ba5b1d3f13245
cdb56b29-742e-4212-adb6-93c7a9cbfa9b.pdf	1381	d3106b9ae315d5701fc6172746f1298597d84f4dd236bb9838cfb424945ab013
cf61951a-b5f9-4a3e-8f31-fe5bd3078cbb.png	68	4b5c5c92cec3b23e6a294fc0eea43234ef5126c5a64f4c6c531ac8430ab0b844
cfa15fdc-6942-44db-9c01-d366ce0880a6.png	68	4b5c5c92cec3b23e6a294fc0eea43234ef5126c5a64f4c6c531ac8430ab0b844
cfd213ec-c7c0-4d96-b344-5b33e45cc2cf.csv	615	f57de575b678a86bc4b3b6fdb8fa0db69769785cc92b6f2fbfdd882856de8cfe
d09d6bbe-9cc2-461e-a2f0-12fee0b9ba62.csv	50	be28003ca10b7e11bd4ffc0f10f24da47d7120834224c79fd1f8b766c407aba2
d16746d3-8796-449d-897d-b752c03a5510.csv	75	56f58ab6fb5de3eb1ac70bf14e2bd6c510de3034256dc7b2d49144077e75bf9c
d2319099-698b-4a8b-96d7-94dab2bd5da9.csv	79	1dd4b5c9f54efc94984458930004c36276c1415bb8fbf0268d7027df62bc98c9
d245c9f1-c98b-444e-bac8-04f9221100be.pdf	1343	b79c6b9072d1ee4ba96a62de9cdf46783e5b838cd41026c552c05b67e086e5f1
d2a142b8-9ff0-424b-aa6d-025b4573f4e3.csv	75	817ffbb789ed8fea7100882f156875214f49882331ed0bdaaa7e9108246ccad8
d3039cca-0df4-4907-a1d2-38b09cd05502.pdf	1317	5edfd1e3bd3611527c1fd184f6fe4329ff06a07bdc548f4067c5217facd94c66
d369a404-e13a-44f2-8f27-fb386ee49a4b.csv	83	4fe863c6f468e29cc050e82cc82e068755d01ce1ab25571912ba0676100ac829
d3837c33-b02d-48b0-8eaf-a3cc2986c45e.csv	120	be696897324d83d29d8cc84f34ae4297b83638d385010582c0d85811b25a8ffd
d8a18e15-ae62-4697-a73e-42cba724cce3.csv	50	be28003ca10b7e11bd4ffc0f10f24da47d7120834224c79fd1f8b766c407aba2
d8c74b89-21bf-439d-9239-f44e62072420.pdf	1286	0b2272ed21185e3d953a7e2c23d183410b89662331a5fd18679d0d7dd81c9a68
d9b85473-50cd-4a1d-9b9f-b1a291b4ee41.csv	83	7ea6221af87a6569cbdec26b4a689e94fd6c2dea7a85bc36aab004f836f7b398
db2cf029-a047-49c6-bed1-278b050c738a.csv	53	77f9e2c6f403881626ae91b05947f2bd9d8086eb2e0cfad73e34a51399d51643
dc93a5d9-5a29-433d-a82c-e7ee54e3955f.pdf	1300	926d70afc4bd4cf0d3eb337316a67502589b4f52a17e941a212cfc932ea55a18
ddec7c97-6f90-4b55-8ec1-11938542a002.jpg	14	0936618c04c6c867c2b88b42599f873be1586da262bb2afaf127849fd5f873fe
df4c7ff2-be62-4689-9455-4cc049c9efdc.xlsx	9	ce0cd0e4a90130a4e5d652b46281627af19121f3b23621028347399ff30785aa
df910b2c-b711-43c4-a225-65f3e47b85fa.csv	47	b463af005f4bae56e052e5330d1a0af88aeece6baaf5a3e7b5bd363bb5966aae
dfb1735d-c86c-4e4d-a01d-8a19f1fab912.jpg	14	0936618c04c6c867c2b88b42599f873be1586da262bb2afaf127849fd5f873fe
e28bec2e-d071-4727-bc81-c9450d8c0e6c.csv	79	d8ef2ae48d81f775dd76a92ff7fa453ecf471a8d533620aa8a85a92dc1cf5bdf
e59bd590-d51e-48cc-903f-895cb052f7f4.pdf	44	85eecbb3cd25e73760e5b5c2f02ce5987666cf601c820ba19d2c46cc8f585537
e7f4b4ea-1fdc-4dac-85d8-e972d15ad63b.csv	120	f5d75055218dd19b30217b08c4046123059970eb8d53cd46377982c2ab1a9eb0
e8b98e4d-08b6-4bc1-a2e6-78f9db482541.csv	83	561e50dcd5fbc02e9134591b148dfa04b115261ad9f8ef94ed23904e0bb3a0a3
eac6aca4-680d-4d00-a8dd-41cb65775195.csv	41	ca366e93008686efe2d589232bdb672dd9455cc8fe4a65794bd5cf3c2d9c8437
eb389c25-cd88-4566-b99a-0e79214d0af9.pdf	1317	c43f3c1fb566b0330d614ec7b9ea359631cca46565cd69aa987a0d28d70e8036
ed670aec-aa85-470b-b9db-97365be49b77.csv	79	3048bcc05d850ce8ea095359f9aff33ff6fe6d6aab0e7199f8f85eed0eb7f6d3
ed6e7545-f9b5-4a9d-926d-cc61194e685c.csv	53	77f9e2c6f403881626ae91b05947f2bd9d8086eb2e0cfad73e34a51399d51643
efd3d8ff-b80a-4d8e-bc3b-3488deb68437.jpg	14	0936618c04c6c867c2b88b42599f873be1586da262bb2afaf127849fd5f873fe
f11f8079-b608-4256-8f22-d556d8a7c442.jpg	516	776cbc5089a66ccf02288dda4b6301f0bd01ed8012ddc0a487f99f65f2725977
f170f4a5-ca79-4f07-9b43-da785c5b7615.csv	51	60419f53d2a19bada5b2a125f5d553ccb2a3edcdb0a91cf3f902492ccd49bcb3
f3c7872c-c1bd-4bba-975a-9f219ddbd199.csv	53	77f9e2c6f403881626ae91b05947f2bd9d8086eb2e0cfad73e34a51399d51643
f443ba54-2ddc-4365-8121-ae6d5426f25a.pdf	1318	0d73f2d969efb27d143d5d7452646066f4f35fba3402a8c075df3cb05d7090a4
f474c806-06f9-40a0-ade2-2ed220c528c4.png	9	843ac23b1736b4487ec81cf7c07ddd9bb46ae5b7818c2c3843d99d62fa75f3c9
f4ac4429-31e5-4572-a7dc-dc1fc90944b9.pdf	44	9d715482c6e42f5d6dabab377d898500b8134e22a9360a9f93ce77dff1eb3ee2
f4be53d4-1bf3-4400-bc79-657c32868738.pdf	44	8b14a51481c5be86023605a6b72f8634dcf20a84dc5c8f557f63aa3f17701e6d
f521c348-3d63-42f6-8222-f2b2910ea801.pdf	1804	1c1c84c7b2d2d34e83ee6f01d6b826d233a75f1a24d658a30c7285e3fafee302
f5221119-40a7-4108-a023-3efca8b856e2.csv	615	f57de575b678a86bc4b3b6fdb8fa0db69769785cc92b6f2fbfdd882856de8cfe
f65dd6b7-f706-4a28-bbe4-384297dd0ca7.csv	53	77f9e2c6f403881626ae91b05947f2bd9d8086eb2e0cfad73e34a51399d51643
f7248964-7af4-475b-b98c-36b7d47a6cb7.png	68	4b5c5c92cec3b23e6a294fc0eea43234ef5126c5a64f4c6c531ac8430ab0b844
f74cc1b2-77af-4e44-976f-c9481b63563d.png	68	4b5c5c92cec3b23e6a294fc0eea43234ef5126c5a64f4c6c531ac8430ab0b844
f7b3db6d-d0d9-49e2-9062-f6ccbc30062a.csv	83	b337b698a3e2da8c04bd301c2de417727979e02ea5dd109fb7650de8cfdffc05
f8bbfd02-fc89-4f59-ad46-0d842e876c4a.csv	79	4ff1c907553d70a470fcd4935a2534300a8a417dd76c8658431b0a7492d8e1d0
f9492331-92c3-4719-95d1-4609545ba00e.csv	51	98b0438303b8a3e0074b01e5349d138bf5c412c25f4e4153dd21108334a8e20a
f9aaf8e6-fe5f-4351-acc4-4c9f5675c829.xlsx	4921	da290b42ecfc674686d2393f53aac6626d1d244e230dfb3afa0b504e55206836
fa8e8345-e3f4-406d-a71c-cb484b4cc96e.csv	51	549577bda3f60f5687dbf57f95d24e8fbca57ef8c6f4ca229b7efb320ddb1789
fa9f7109-4c92-44da-868d-b0517d11b221.csv	151	2d67f5af87dd2c9fe554339c3376351e9a394181cb680145d82ce6ceacbd81c6
ff859013-24d6-4cd6-b79b-3b685c75d89f.jpg	8	77238586ab0fadf55974e0f3878ebaa4aa621cd3df711ad38dd8e16b856c5720
